case	duration	aspect	width	height	id	title	section
H3官方-007-海螺_视频_15秒、16_9の横_538390013432676361	12	16:9	2560	1440	007	海螺_视频_15秒、16_9の横_538390013432676361	视觉创意与内容包装
H3官方-008-飞书20260728-175157	12	16:9	2560	1440	008	飞书20260728-175157	视觉创意与内容包装
H3官方-012-手绘2.0	12	16:9	2560	1440	012	手绘2.0	视觉创意与内容包装
H3官方-014-MG动画2	12	16:9	2560	1440	014	MG动画2	1.3 动态图形、MG动画、AE特效
H3官方-015-字体动效1	12	16:9	2560	1440	015	字体动效1	1.3 动态图形、MG动画、AE特效
H3官方-025-海螺_视频_15 秒，16_9 _541014619796496390	12	16:9	2560	1440	025	海螺_视频_15 秒，16_9 _541014619796496390	产品与电商营销
H3官方-031-Hailuo_Video_机器臂下降，抓起红色方块，向前移动一段距离后放下_539561186482315272 (1)	7	16:9	2560	1440	031	Hailuo_Video_机器臂下降，抓起红色方块，向前移动一段距离后放下_539561186482315272 (1)	硬件、实体工业、具身智能演示
H3官方-039-海螺_视频_风格设定： 纯二维赛_540976941206548484	12	16:9	2560	1440	039	海螺_视频_风格设定： 纯二维赛_540976941206548484	动画与风格化影像
H3官方-060-海螺_视频_15秒，16_9横版_539178623442698249	12	16:9	2560	1440	060	海螺_视频_15秒，16_9横版_539178623442698249	特定风格 · 提示词示意
